rsID	CHR	POS	Non_Effect	Effect	BETA	SE	P
rs2819598	6	117453404	G	A	-0.20735	0.0358764	7.5e-09
