rsID	CHR	POS	Non_Effect	Effect	BETA	SE	P
rs2732018	8	75764715	C	T	-0.240491	0.0288477	7.6e-17
