rsID	CHR	POS	Non_effect	Effect	BETA	SE	P
rs9257803	6	29344395	T	C	-0.237518	0.0424429	2.2e-08
rs429358	19	45411941	C	T	0.270026	0.0406811	3.2e-11
