rsID	CHR	POS	Non_effect	Effect	BETA	SE	P
rs35608075	4	38593261	C	G	0.202374	0.0272788	1.2e-13
rs59975716	6	34677159	ATATATATATATATATT	A	0.140079	0.0244019	9.4e-09
rs2790094	6	45438472	G	A	-0.213341	0.0249804	1.3e-17
rs12538544	7	1217440	C	A	0.133043	0.0243954	4.9e-08
rs6993813	8	120052238	C	T	0.128305	0.0235193	4.9e-08
rs11187838	10	96038686	A	G	0.130846	0.0236113	3e-08
rs2863994	10	105454043	G	T	-0.13891	0.0235694	3.8e-09
rs913193	10	134544247	C	T	0.167812	0.0277492	1.5e-09
11:47568617_CAAAAAAAAAAAAA_C	11	47568617	C	CAAAAAAAAAAAAA	0.141031	0.0253786	2.7e-08
rs61922699	12	26861505	A	G	0.159806	0.0279626	1.1e-08
rs56072903	17	44013966	C	T	0.397299	0.030081	7.9e-40
