rsID	CHR	POS	Non_Effect	Effect	BETA	SE	P
rs6664059	1	26500082	C	T	-0.198182	0.0199603	3.1e-23
rs559637118	1	196679909	GT	G	-0.173061	0.0185155	9e-21
rs55742348	2	217563	A	T	0.139423	0.0190636	2.6e-13
rs72868935	2	131594274	C	T	-0.178309	0.0251522	1.3e-12
rs747394667	2	170077170	C	CA	-0.154183	0.0218286	1.6e-12
rs2228557	2	227872182	A	G	-0.194253	0.0185095	9.1e-26
rs548719481	3	49185006	T	TAA	-0.134374	0.021439	3.7e-10
3:100928901_CTT_C	3	100928901	C	CTT	-0.165971	0.023452	1.5e-12
rs3806709	3	129109764	A	C	0.152244	0.025753	3.4e-09
rs35526401	4	87986662	TA	T	0.132035	0.0191049	4.8e-12
rs13171669	5	148601243	G	A	-0.119246	0.018486	1.1e-10
rs2326837	6	6901659	G	A	-0.167286	0.0189857	1.2e-18
rs796079606	6	35461104	CAT	C	-0.163561	0.023963	8.8e-12
rs10674361	6	70464043	TAG	T	-0.103251	0.0187365	3.6e-08
rs6925415	6	80763791	C	T	0.189768	0.0193133	8.7e-23
rs3051954	6	116439744	CAT	C	-0.113354	0.0186644	1.3e-09
rs9385271	6	123125411	C	T	-0.120157	0.0196047	8.8e-10
rs4722740	7	27787009	C	T	0.11967	0.0218311	4.2e-08
rs3801206	7	42193882	T	C	-0.134206	0.0235039	1.1e-08
rs62490856	8	10469030	A	G	-0.315407	0.0274767	1.7e-30
rs77920099	8	70398559	T	A	-0.110412	0.0194126	1.3e-08
rs2489553	10	27005283	G	A	-0.135487	0.0183321	1.5e-13
rs7903992	10	95383857	C	T	0.122245	0.0201333	1.3e-09
rs11200634	10	124213680	A	C	0.280291	0.0226862	4.6e-35
rs7101951	11	1798661	G	C	-0.167923	0.0284585	3.6e-09
rs10488688	11	31789114	C	G	-0.129419	0.0201781	1.4e-10
rs11230527	11	60720893	T	G	-0.157456	0.0237321	3.3e-11
rs61916713	12	31056098	C	T	0.270938	0.0249774	2.1e-27
rs369760115	12	51404296	CAA	C	0.121393	0.020335	2.4e-09
rs3138142	12	56115585	T	C	0.276325	0.0212854	1.5000000000000002e-38
rs1800407	15	28230318	T	C	-0.322436	0.0326485	5.3e-23
rs112278385	15	75799803	G	A	0.131986	0.0207837	2.1e-10
rs3825991	15	89761664	A	C	0.286962	0.0184083	8.7e-55
rs2012649	16	5064917	T	C	0.123012	0.0208462	3.6e-09
rs7405453	17	79615572	G	A	0.160627	0.0190018	2.8e-17
rs62123354	19	8236078	A	G	-0.113428	0.0182482	5.1e-10
rs62125245	19	17570005	G	A	-0.178777	0.024754	5.1e-13
rs120960	19	36276767	G	A	0.11476	0.0184015	4.5e-10
rs429358	19	45411941	C	T	-0.255553	0.0253787	7.499999999999999e-24
rs151256410	19	48341506	ATGTG	A	-0.132433	0.0218595	1.4e-09
rs1776953	20	4941291	T	C	-0.369274	0.0499146	1.4e-13
rs77968014	22	38478666	G	C	0.810528	0.088443	5e-20
