rsID	CHR	POS	Non_Effect	Effect	BETA	SE	P
rs41267043	1	39981740	A	G	-0.184606	0.0257471	7.5e-13
rs56220197	1	113444533	C	G	-0.122838	0.0196536	4.1e-10
rs1200113	1	169059106	G	T	-0.10935	0.0171693	1.9e-10
rs1823696	1	202167176	T	C	0.105243	0.0170824	7.2e-10
rs143139192	1	222252777	A	G	-0.483591	0.0872481	3e-08
rs7605824	2	280819	A	G	0.505269	0.0176443	2.4000000000000002e-180
rs112572441	2	145359768	ACGTG	A	0.136205	0.0221824	8.2e-10
rs121908120	2	219755011	A	T	-0.283509	0.0516859	4.1e-08
rs10935473	3	98416900	T	G	-0.141158	0.0169383	7.8e-17
rs12203592	6	396321	T	C	0.177509	0.0212215	6e-17
rs4709714	6	163801031	T	C	-0.103952	0.0170417	1.1e-09
rs12672756	7	46212931	T	G	0.146049	0.0229817	2.1e-10
rs62621812	7	127015083	A	G	0.330173	0.0603858	4.6e-08
rs34604632	8	27581031	G	A	-0.135715	0.0178278	2.7e-14
rs6999559	8	61700410	G	A	0.107186	0.0196034	4.6e-08
rs204781	8	82588492	C	T	-0.371357	0.0580624	1.6e-10
rs10816897	9	112610830	C	A	0.103365	0.0187495	3.5e-08
rs774909939	10	124208562	G	GATAAAC	0.114211	0.0208164	4.1e-08
rs4930021	11	2892391	G	A	0.120146	0.0197567	1.2e-09
rs7960656	12	30763866	C	G	-0.125987	0.0176595	9.7e-13
rs1009055	13	20692914	G	C	-0.209401	0.0175515	8.2e-33
rs1800407	15	28230318	T	C	0.343699	0.0300374	2.6e-30
rs75804753	16	4943033	T	G	0.215184	0.0238241	1.7e-19
rs7406516	17	79615309	A	G	-0.126152	0.0178435	1.6e-12
rs72932713	18	53186911	C	T	0.206722	0.0360851	1e-08
rs113145184	19	19419984	C	T	-0.148658	0.0229269	8.9e-11
